term,frequency
gradually influenced decision,127
improves consider returning,37
updates new rare,36
app smooth updates,36
didn justified navigation,36
smooth updates new,36
fine technically monthly,36
technically monthly price,36
view worked fine,36
justified navigation inside,36
worked fine technically,36
monthly price didn,36
inside app smooth,36
price didn justified,36
point view worked,36
navigation inside app,36
interact innovation limited,34
design simple daily,34
daily didn interact,34
didn interact innovation,34
